{
	"version": "Sample 1.0.0",
	"model": "ryoufuku.moc",
	"textures": [
		"ryoufuku.1024/texture_00.png",
		"ryoufuku.1024/texture_01.png"
	],
	"lip_sync": "false",
	"layout": {
		"center_x": 0.0,
		"center_y": -0.05,
		"width": 2.0
	},
	"hit_areas_custom": {
		"head_x": [
			-0.3,
			1.12
		],
		"head_y": [
			0.26,
			0.56
		],
		"body_x": [
			-0.41,
			0.58
		],
		"body_y": [
			0.46,
			-1.12
		]
	},
	"motions": {
		"idle": [
			{
				"file": "ryoufuku.motions/akirame01.mtn",
				"sound": "voice/01.mp3"
			},
			{
				"file": "ryoufuku.motions/angry01.mtn",
				"sound": "voice/02.mp3"
			},
			{
				"file": "ryoufuku.motions/bye01.mtn",
				"sound": "voice/03.mp3"
			},
			{
				"file": "ryoufuku.motions/cry01.mtn",
				"sound": "voice/04.mp3"
			},
			{
				"file": "ryoufuku.motions/cry02.mtn",
				"sound": "voice/05.mp3"
			},
			{
				"file": "ryoufuku.motions/happy01.mtn",
				"sound": "voice/06.mp3"
			},
			{
				"file": "ryoufuku.motions/happy02.mtn",
				"sound": "voice/07.mp3"
			},
			{
				"file": "ryoufuku.motions/idle01.mtn",
				"sound": "voice/08.mp3"
			},
			{
				"file": "ryoufuku.motions/kime01.mtn",
				"sound": "voice/09.mp3"
			},
			{
				"file": "ryoufuku.motions/nf_left01.mtn",
				"sound": "voice/10.mp3"
			},
			{
				"file": "ryoufuku.motions/nf_right01.mtn",
				"sound": "voice/11.mp3"
			},
			{
				"file": "ryoufuku.motions/nf01.mtn",
				"sound": "voice/12.mp3"
			},
			{
				"file": "ryoufuku.motions/nf02.mtn",
				"sound": "voice/13.mp3"
			},
			{
				"file": "ryoufuku.motions/nf03.mtn",
				"sound": "voice/14.mp3"
			},
			{
				"file": "ryoufuku.motions/nf03.mtn",
				"sound": "voice/15.mp3"
			},
			{
				"file": "ryoufuku.motions/nf04.mtn",
				"sound": "voice/16.mp3"
			},
			{
				"file": "ryoufuku.motions/nf05.mtn",
				"sound": "voice/17.mp3"
			},
			{
				"file": "ryoufuku.motions/nnf_left01.mtn",
				"sound": "voice/05.mp3"
			},
			{
				"file": "ryoufuku.motions/nnf01.mtn",
				"sound": "voice/06.mp3"
			},
			{
				"file": "ryoufuku.motions/nnf02.mtn",
				"sound": "voice/07.mp3"
			},
			{
				"file": "ryoufuku.motions/nnf03.mtn",
				"sound": "voice/08.mp3"
			},
			{
				"file": "ryoufuku.motions/nnf04.mtn",
				"sound": "voice/09.mp3"
			},
			{
				"file": "ryoufuku.motions/nnf05.mtn",
				"sound": "voice/11.mp3"
			},
			{
				"file": "ryoufuku.motions/sad01.mtn",
				"sound": "voice/12.mp3"
			},
			{
				"file": "ryoufuku.motions/serious01.mtn",
				"sound": "voice/13.mp3"
			},
			{
				"file": "ryoufuku.motions/smile01.mtn",
				"sound": "voice/14.mp3"
			},
			{
				"file": "ryoufuku.motions/smile02.mtn",
				"sound": "voice/23.mp3"
			},
			{
				"file": "ryoufuku.motions/surprised01.mtn",
				"sound": "voice/15.mp3"
			}
		]
	},
	"expressions": [
		{
			"name": "f01.exp.json",
			"file": "expressions/f01.exp.json"
		}
	],
	"physics": "physics.json"
}
